[
  {
    "id": "170d700c-e8a3-41dd-84a5-059f0531216f",
    "data": [
      {
        "text": "久しぶり",
        "userDefined": false
      }
    ],
    "isTemplate": false,
    "count": 0,
    "lang": "ja",
    "updated": 0
  },
  {
    "id": "b9e925ab-0b11-4644-bac3-d07f3b5ba96b",
    "data": [
      {
        "text": "今日は",
        "userDefined": false
      }
    ],
    "isTemplate": false,
    "count": 0,
    "lang": "ja",
    "updated": 0
  },
  {
    "id": "ce1604f2-afb5-4c45-944f-1b8f97e3116b",
    "data": [
      {
        "text": "こんにちは",
        "userDefined": false
      }
    ],
    "isTemplate": false,
    "count": 0,
    "lang": "ja",
    "updated": 0
  },
  {
    "id": "a13a917f-7c49-47da-ba75-139cd991584f",
    "data": [
      {
        "text": "どうも",
        "userDefined": false
      }
    ],
    "isTemplate": false,
    "count": 0,
    "lang": "ja",
    "updated": 0
  },
  {
    "id": "04ba8feb-f296-4280-831c-682b2772703e",
    "data": [
      {
        "text": "やあ、君",
        "userDefined": false
      }
    ],
    "isTemplate": false,
    "count": 0,
    "lang": "ja",
    "updated": 0
  },
  {
    "id": "857f86ff-848c-4001-a6a6-83d15d9b28ef",
    "data": [
      {
        "text": "やあ",
        "userDefined": false
      }
    ],
    "isTemplate": false,
    "count": 0,
    "lang": "ja",
    "updated": 0
  },
  {
    "id": "6cad9983-fd94-4c48-ba2c-62418931fd9b",
    "data": [
      {
        "text": "ご挨拶します",
        "userDefined": false
      }
    ],
    "isTemplate": false,
    "count": 0,
    "lang": "ja",
    "updated": 0
  },
  {
    "id": "42f0bba3-7e36-4e1d-a915-eb72a01246b7",
    "data": [
      {
        "text": "はい、こんにちは",
        "userDefined": false
      }
    ],
    "isTemplate": false,
    "count": 0,
    "lang": "ja",
    "updated": 0
  },
  {
    "id": "f9bd30bf-e115-4924-ad01-3e942ab41d3e",
    "data": [
      {
        "text": "皆さん、こんにちは",
        "userDefined": false
      }
    ],
    "isTemplate": false,
    "count": 0,
    "lang": "ja",
    "updated": 0
  }
]