[
  {
    "id": "52ee73d7-4741-4712-94ae-35a1ecdf95d9",
    "data": [
      {
        "text": "can you give me dosa ?",
        "userDefined": false
      }
    ],
    "isTemplate": false,
    "count": 0,
    "lang": "en",
    "updated": 0
  },
  {
    "id": "feb5570a-ebe2-4a5b-a60c-fdda8b51bad4",
    "data": [
      {
        "text": "what items do you have for menu ?",
        "userDefined": false
      }
    ],
    "isTemplate": false,
    "count": 0,
    "lang": "en",
    "updated": 0
  },
  {
    "id": "2049ffd0-9d44-4786-af43-e3ca7e173c5e",
    "data": [
      {
        "text": "do you have momo\u0027s ?",
        "userDefined": false
      }
    ],
    "isTemplate": false,
    "count": 0,
    "lang": "en",
    "updated": 0
  },
  {
    "id": "a4a52e5d-337f-4afe-82ab-31fead2a76a2",
    "data": [
      {
        "text": "can you show me the menu ?",
        "userDefined": false
      }
    ],
    "isTemplate": false,
    "count": 0,
    "lang": "en",
    "updated": 0
  },
  {
    "id": "ff0229c1-27fd-451c-8374-b450eb759479",
    "data": [
      {
        "text": "show the menu",
        "userDefined": false
      }
    ],
    "isTemplate": false,
    "count": 0,
    "lang": "en",
    "updated": 0
  },
  {
    "id": "482d1deb-198d-48df-b080-a9c189de44a4",
    "data": [
      {
        "text": "what are the menu items ?",
        "userDefined": false
      }
    ],
    "isTemplate": false,
    "count": 0,
    "lang": "en",
    "updated": 0
  }
]