[
  {
    "id": "b99c27ae-de8c-4271-ad22-3a26972c363b",
    "data": [
      {
        "text": "tell me the review of ",
        "userDefined": false
      },
      {
        "text": "dish",
        "meta": "@dish",
        "alias": "dish",
        "userDefined": true
      }
    ],
    "isTemplate": false,
    "count": 0,
    "lang": "en",
    "updated": 0
  },
  {
    "id": "f35617d2-1e14-43d3-86a8-517a4191cfb6",
    "data": [
      {
        "text": "give me the review of ",
        "userDefined": false
      },
      {
        "text": "dish",
        "meta": "@dish",
        "alias": "dish",
        "userDefined": true
      }
    ],
    "isTemplate": false,
    "count": 0,
    "lang": "en",
    "updated": 0
  },
  {
    "id": "254d29aa-91f9-40bc-8de7-e4b972b99f4c",
    "data": [
      {
        "text": "show me the review of ",
        "userDefined": false
      },
      {
        "text": "dish",
        "meta": "@dish",
        "alias": "dish",
        "userDefined": true
      }
    ],
    "isTemplate": false,
    "count": 0,
    "lang": "en",
    "updated": 0
  }
]